UserID,Passcode
Alice,12345
Bridget,67890
Charlie,54321
Diana,98765
Edward,11111
Fiona,22222
George,33333
Hannah,44444
Isaac,55555
Julia,66666
Kevin,77777
Laura,88888
Michael,99999
Nina,10101
Oliver,20202
Patricia,30303
Quentin,40404
Rhys,50505
Steve,60606
Tina,70707
Victor,80808
Wendy,90909
Xavier,11223
Yolanda,33445
Zachary,55667
Manasa21,789456
Manu,456123
Manu1,123456
Dhanu07,456321
Nithya1,810566
RowdySanjana,143143
Geetha01,123456
Geetha1,123456
Chandan7,741852
Manu14,789456
Shiva123,98802
Manasa01,789456
Baby01,123456
